period,link
October 2024,http://www.mns.com/pdf/bronx_market_report_oct_24.pdf
September 2024,http://www.mns.com/pdf/bronx_market_report_sep_24.pdf
August 2024,http://www.mns.com/pdf/bronx_market_report_aug_24.pdf
July 2024,http://www.mns.com/pdf/bronx_market_report_jul_24.pdf
June 2024,http://www.mns.com/pdf/bronx_market_report_jun_24.pdf
May 2024,http://www.mns.com/pdf/bronx_market_report_may_24.pdf
April 2024,http://www.mns.com/pdf/bronx_market_report_apr_24.pdf
March 2024,http://www.mns.com/pdf/bronx_market_report_mar_24.pdf
February 2024,http://www.mns.com/pdf/bronx_market_report_feb_24.pdf
January 2024,http://www.mns.com/pdf/bronx_market_report_jan_24.pdf
December 2023,http://www.mns.com/pdf/bronx_market_report_dec_23.pdf
November 2023,http://www.mns.com/pdf/bronx_market_report_nov_23.pdf
October 2023,http://www.mns.com/pdf/bronx_market_report_oct_23.pdf
September 2023,http://www.mns.com/pdf/bronx_market_report_sep_23.pdf
August 2023,http://www.mns.com/pdf/bronx_market_report_aug_23.pdf
July 2023,http://www.mns.com/pdf/bronx_market_report_jul_23.pdf
June 2023,http://www.mns.com/pdf/bronx_market_report_jun_23.pdf
May 2023,http://www.mns.com/pdf/bronx_market_report_may_23.pdf
April 2023,http://www.mns.com/pdf/bronx_market_report_apr_23.pdf
March 2023,http://www.mns.com/pdf/bronx_market_report_mar_23.pdf
February 2023,http://www.mns.com/pdf/bronx_market_report_feb_23.pdf
January 2023,http://www.mns.com/pdf/bronx_market_report_jan_23.pdf
December 2022,http://www.mns.com/pdf/bronx_market_report_dec_22.pdf
November 2022,http://www.mns.com/pdf/bronx_market_report_nov_22.pdf
October 2022,http://www.mns.com/pdf/bronx_market_report_oct_22.pdf
September 2022,http://www.mns.com/pdf/bronx_market_report_sep_22.pdf
August 2022,http://www.mns.com/pdf/bronx_market_report_aug_22.pdf
July 2022,http://www.mns.com/pdf/bronx_market_report_jul_22.pdf
June 2022,http://www.mns.com/pdf/bronx_market_report_jun_22.pdf
May 2022,http://www.mns.com/pdf/bronx_market_report_may_22.pdf
April 2022,http://www.mns.com/pdf/bronx_market_report_apr_22.pdf
March 2022,http://www.mns.com/pdf/bronx_market_report_mar_22.pdf
February 2022,http://www.mns.com/pdf/bronx_market_report_feb_22.pdf
January 2022,http://www.mns.com/pdf/bronx_market_report_jan_22.pdf
December 2021,http://www.mns.com/pdf/bronx_market_report_dec_21.pdf
November 2021,http://www.mns.com/pdf/bronx_market_report_nov_21.pdf
October 2021,http://www.mns.com/pdf/bronx_market_report_oct_21.pdf
September 2021,http://www.mns.com/pdf/bronx_market_report_sep_21.pdf
August 2021,http://www.mns.com/pdf/bronx_market_report_aug_21.pdf
July 2021,http://www.mns.com/pdf/bronx_market_report_jul_21.pdf
June 2021,http://www.mns.com/pdf/bronx_market_report_jun_21.pdf
May 2021,http://www.mns.com/pdf/bronx_market_report_may_21.pdf
April 2021,http://www.mns.com/pdf/bronx_market_report_apr_21.pdf
March 2021,http://www.mns.com/pdf/bronx_market_report_mar_21.pdf
February 2021,http://www.mns.com/pdf/bronx_market_report_feb_21.pdf
January 2021,http://www.mns.com/pdf/bronx_market_report_jan_21.pdf
December 2020,http://www.mns.com/pdf/bronx_market_report_dec_20.pdf
November 2020,http://www.mns.com/pdf/bronx_market_report_nov_20.pdf
October 2020,http://www.mns.com/pdf/bronx_market_report_oct_20.pdf
September 2020,http://www.mns.com/pdf/bronx_market_report_sep_20.pdf
August 2020,http://www.mns.com/pdf/bronx_market_report_aug_20.pdf
July 2020,http://www.mns.com/pdf/bronx_market_report_jul_20.pdf
June 2020,http://www.mns.com/pdf/bronx_market_report_jun_20.pdf
May 2020,http://www.mns.com/pdf/bronx_market_report_may_20.pdf
April 2020,http://www.mns.com/pdf/bronx_market_report_apr_20.pdf
March 2020,http://www.mns.com/pdf/bronx_market_report_mar_20.pdf
February 2020,http://www.mns.com/pdf/bronx_market_report_feb_20.pdf
January 2020,http://www.mns.com/pdf/bronx_market_report_jan_20.pdf
December 2019,http://www.mns.com/pdf/bronx_market_report_dec_19.pdf
November 2019,http://www.mns.com/pdf/bronx_market_report_nov_19.pdf
October 2019,http://www.mns.com/pdf/bronx_market_report_oct_19.pdf
September 2019,http://www.mns.com/pdf/bronx_market_report_sep_19.pdf
August 2019,http://www.mns.com/pdf/bronx_market_report_aug_19.pdf
July 2019,http://www.mns.com/pdf/bronx_market_report_jul_19.pdf
June 2019,http://www.mns.com/pdf/bronx_market_report_jun_19.pdf
May 2019,http://www.mns.com/pdf/bronx_market_report_may_19.pdf
